company_name,buyer_name,country,industry,employee_count,email,buyer_title,recommended_offer,pitch_angle,roi_reason,lead_score,budget_score,urgency_score,fit_score,buyer_score,brief,subject_line,email_body,loom_angle,cta,verification_status,website
Northbeam Labs,Alice Brown,United States,B2B SaaS,28,alice@northbeam.example,CEO,Lead Response Engine,"Qualify, route, and respond to valuable leads before they go cold.",Cuts response delays and improves pipeline conversion without adding headcount.,150,50,40,45,15,"Northbeam Labs: pitch the Lead Response Engine to the CEO. Primary angle: Qualify, route, and respond to valuable leads before they go cold.",Possible lead leak at Northbeam Labs,"Hi Alice Brown,

I was reviewing Northbeam Labs and noticed signals around raised growth round and expanding gtm. Teams at this stage usually start losing time and revenue in manual workflows.

Based on your setup with HubSpot; Slack; inbound demo requests, I would look first at a Lead Response Engine. Qualify, route, and respond to valuable leads before they go cold. Cuts response delays and improves pipeline conversion without adding headcount.

If useful, I can map a simple 2-minute system outline tailored to Northbeam Labs.

Best,
[Your Name]","Show the current workflow bottleneck at Northbeam Labs, then show how the Lead Response Engine removes manual steps and speeds up execution.",Worth a quick 10-minute conversation if I map the system around your current workflow?,pending,https://northbeam.example
Bricklane Growth,Nina Holmes,United Kingdom,Real Estate,35,nina@bricklane.example,COO,Lead Response Engine,"Qualify, route, and respond to valuable leads before they go cold.",Cuts response delays and improves pipeline conversion without adding headcount.,150,50,40,45,15,"Bricklane Growth: pitch the Lead Response Engine to the COO. Primary angle: Qualify, route, and respond to valuable leads before they go cold.",Possible lead leak at Bricklane Growth,"Hi Nina Holmes,

I was reviewing Bricklane Growth and noticed signals around expanding agent team. Teams at this stage usually start losing time and revenue in manual workflows.

Based on your setup with CRM; email; spreadsheets, I would look first at a Lead Response Engine. Qualify, route, and respond to valuable leads before they go cold. Cuts response delays and improves pipeline conversion without adding headcount.

If useful, I can map a simple 2-minute system outline tailored to Bricklane Growth.

Best,
[Your Name]","Show the current workflow bottleneck at Bricklane Growth, then show how the Lead Response Engine removes manual steps and speeds up execution.",Worth a quick 10-minute conversation if I map the system around your current workflow?,pending,https://bricklane.example
Harbor Legal,James Clarke,United Kingdom,Law Firm,22,james@harborlegal.example,Managing Partner,Client Intake Engine,"Turn messy intake into a structured, AI-assisted workflow.",Reduces admin handling time and prevents incomplete or slow intake follow-up.,105,50,10,45,0,"Harbor Legal: pitch the Client Intake Engine to the Managing Partner. Primary angle: Turn messy intake into a structured, AI-assisted workflow.",Harbor Legal's intake process may be slowing growth,"Hi James Clarke,

I was reviewing Harbor Legal and noticed signals around new consultation push. Teams at this stage usually start losing time and revenue in manual workflows.

Based on your setup with Website forms; WhatsApp; spreadsheets, I would look first at a Client Intake Engine. Turn messy intake into a structured, AI-assisted workflow. Reduces admin handling time and prevents incomplete or slow intake follow-up.

If useful, I can map a simple 2-minute system outline tailored to Harbor Legal.

Best,
[Your Name]","Show the current workflow bottleneck at Harbor Legal, then show how the Client Intake Engine removes manual steps and speeds up execution.",Worth a quick 10-minute conversation if I map the system around your current workflow?,pending,https://harborlegal.example
Signal Forge,Sam Reed,United States,B2B SaaS,48,sam@signalforge.example,Founder,Founder Content Engine,Convert founder insight into a repeatable weekly content machine.,Replaces inconsistent posting with a structured system that compounds credibility.,100,50,10,25,15,Signal Forge: pitch the Founder Content Engine to the Founder. Primary angle: Convert founder insight into a repeatable weekly content machine.,A simpler content engine for Signal Forge,"Hi Sam Reed,

I was reviewing Signal Forge and noticed signals around founder building audience. Teams at this stage usually start losing time and revenue in manual workflows.

Based on your setup with LinkedIn; Loom; HubSpot, I would look first at a Founder Content Engine. Convert founder insight into a repeatable weekly content machine. Replaces inconsistent posting with a structured system that compounds credibility.

If useful, I can map a simple 2-minute system outline tailored to Signal Forge.

Best,
[Your Name]","Show the current workflow bottleneck at Signal Forge, then show how the Founder Content Engine removes manual steps and speeds up execution.",Worth a quick 10-minute conversation if I map the system around your current workflow?,pending,https://signalforge.example
